COM,comp.jpg
R&D,rd.jpg
GLY-M,glym.jpg
GLY-MF,glymf.jpg
VG,vg.jpg
BRD,brd.jpeg
OLMI,olmi.jpeg
OLMI H,olmh.jpeg
OLMI AM,oam.jpeg
TRIO,trio.jpeg
TEL,telh.jpeg
TEL H,tel.jpeg
T-AM,tam.jpeg
T-HA,tha.jpeg
CH,ch.jpeg
M50,m50.jpeg
CAP,cap.jpeg
CEFO,cefo.jpeg
CV,cv.jpeg
CEFA,cefa.jpg
SG,sg.jpg
K2,k2.jpg
OZO,ozo.jpg
OZ-L,ozl.jpg
CLO,clo.jpg
SP,sp.jpg
CLO-TH,cloth.jpg
SPAA,spaa.jpg
SIN,sin.jpeg
TORI,tori.jpeg
TO-T,tot.jpeg
xt,xt.jpg
fort,fort.jpg
LIZO,liso.jpeg
JO-M,jom.jpg
LC,lc.jpg
REKI,reki.jpg
indi,indi.jpg
CORT,cort.jpg
LUNG,lung.jpeg
GUT,gut.jpeg
UDC,udc.jpeg
TIW,tiw.jpeg
RE- AC,reac.jpg
PRO,prod.jpg
